{
  "eps": 0.1,
  "q_global": 9377.004109185758,
  "q_bucket": {
    "(2003, 'GAS')": 6585.13783930127,
    "(2005, 'GAS')": 6531.493610889154,
    "(2017, 'GAS')": 11202.003283718357,
    "(2015, 'GAS')": 10644.207838014565,
    "(2019, 'GAS')": 12952.678480038601,
    "(2014, 'GAS')": 9815.837958452943,
    "(2011, 'GAS')": 7334.019618046796,
    "(2008, 'GAS')": 6700.069218076922,
    "(2016, 'GAS')": 9844.804997066274,
    "(2007, 'GAS')": 6411.820035431374,
    "(2020, 'GAS')": 12883.316451281567,
    "(2018, 'GAS')": 11352.341363270909,
    "(2013, 'GAS')": 8272.868811619193,
    "(1998, 'GAS')": 7488.910921171916,
    "(2006, 'GAS')": 6574.255154514076,
    "(2012, 'GAS')": 8277.825511623312,
    "(2009, 'GAS')": 5911.114323144591,
    "(2004, 'GAS')": 5913.841051681472,
    "(1996, 'GAS')": 9980.57495361139,
    "(1999, 'GAS')": 8526.268212711619,
    "(2010, 'GAS')": 6350.548567985286,
    "(2001, 'GAS')": 6872.705869771701,
    "(2016, 'HYB')": 8530.939362557767,
    "(2014, 'HYB')": 5765.588109505674,
    "(2002, 'GAS')": 5975.00786187925,
    "(2019, 'HYB')": 10882.793030493784,
    "(1997, 'GAS')": 8667.949096909404,
    "(2015, 'HYB')": 6317.948901365346,
    "(2013, 'HYB')": 4396.912068932968,
    "(2020, 'HYB')": 8951.075676062836,
    "(2000, 'GAS')": 6677.687651587164,
    "(1995, 'GAS')": 8744.668461785132,
    "(2021, 'GAS')": 27979.88869444899,
    "(2008, 'HYB')": 2636.532735418373,
    "(2017, 'HYB')": 5433.985618171576,
    "(2010, 'HYB')": 4456.858227313092,
    "(2018, 'HYB')": 6772.553268290532,
    "(2006, 'HYB')": 4081.6638551367078,
    "(2012, 'HYB')": 3957.4106937187803,
    "(2011, 'HYB')": 7586.439066399809,
    "(2007, 'HYB')": 3554.2957024950283
  }
}