{
  "rows": 9,
  "test_size": 0.2,
  "mae": 2121.5999999999985,
  "rmse": 2462.455392489373,
  "r2": -2.8807593983999955
}