{
  "rows": 731096,
  "test_size": 0.2,
  "mae": 4204.428043310964,
  "rmse": 6881.959649822663,
  "r2": 0.7831751968107268
}